Code,Party,,,,,,,Total,< High School,High School,Some College,College
,,< HS %,HS %,Some COllege %,college %,White Non College,White College,"143,042,909","10,569,698","39,145,047","43,004,226","50,323,938"
USA,232D - 198R - 1L - 4 Vacant,12%,27%,29%,32%,75%,25%,,,,,
AL-01,Republican,13%,33%,30%,24%,28%,72%,331580,35848,105275,98664,91793
AL-02,Republican,16%,32%,30%,22%,25%,75%,303956,37611,95104,94560,76681
AL-03,Republican,15%,32%,31%,22%,23%,77%,332746,45180,103563,106829,77174
AL-04,Republican,18%,34%,30%,17%,18%,82%,409165,68524,141694,125837,73110
AL-05,Republican,12%,27%,29%,32%,33%,67%,373728,38756,103468,108222,123282
AL-06,Republican,10%,26%,29%,36%,38%,62%,381501,30196,97818,108401,145086
AL-07,Democratic,16%,34%,31%,20%,29%,71%,150001,16376,46194,43736,43695
AK-AL,Republican,7%,28%,35%,29%,36%,64%,319930,13693,78166,114235,113836
AZ-01,Democratic,14%,27%,35%,25%,34%,66%,274297,17414,62292,100822,93769
AZ-02,Democratic,9%,21%,36%,34%,39%,61%,339396,16658,67083,123512,132143
AZ-03,Democratic,24%,27%,32%,16%,26%,74%,148600,11992,39986,57588,39034
AZ-04,Republican,13%,30%,38%,19%,21%,79%,448382,41940,133891,179909,92642
AZ-05,Republican,7%,22%,36%,36%,37%,63%,399366,17139,85963,148171,148093
AZ-06,Republican,8%,18%,30%,44%,47%,53%,432731,17767,74329,136427,204208
AZ-07,Democratic,31%,28%,26%,14%,28%,72%,123448,12483,32659,44019,34287
AZ-08,Republican,8%,25%,38%,29%,31%,69%,406703,20411,102870,157222,126200
AZ-09,Democratic,10%,19%,32%,39%,45%,55%,320354,12469,54635,108062,145188
AR-01,Republican,16%,38%,30%,16%,18%,82%,392159,54424,150765,116798,70172
AR-02,Republican,10%,30%,30%,30%,32%,68%,367453,30835,110495,107319,118804
AR-03,Republican,14%,30%,28%,27%,29%,71%,411159,38442,127630,125264,119823
AR-04,Republican,15%,38%,30%,17%,18%,82%,367527,46905,141752,112588,66282
CA-01,Republican,10%,24%,41%,24%,26%,74%,404733,28395,98957,172031,105350
CA-02,Democratic,9%,18%,31%,42%,46%,54%,394518,18603,67156,125516,183243
CA-03,Democratic,16%,23%,35%,25%,29%,71%,253188,18462,60017,100246,74463
CA-04,Republican,7%,21%,39%,33%,34%,66%,419873,20040,88846,168300,142687
CA-05,Democratic,13%,20%,35%,32%,38%,62%,287333,13377,55498,108331,110127
CA-06,Democratic,16%,23%,32%,28%,37%,63%,209403,14110,45969,71724,77600
CA-07,Democratic,10%,20%,37%,33%,35%,65%,297660,15281,60934,116555,104890
CA-08,Republican,17%,29%,37%,17%,21%,79%,234589,22175,68998,95130,48286
CA-09,Democratic,19%,27%,34%,20%,25%,75%,191412,15318,51517,76480,48097
CA-10,Democratic,20%,29%,33%,18%,22%,78%,231591,23337,67007,90159,51088
CA-11,Democratic,12%,17%,28%,44%,56%,44%,267662,7966,35516,73053,151127
CA-12,Democratic,11%,12%,18%,59%,77%,23%,278516,4802,16293,42054,215367
CA-13,Democratic,14%,14%,23%,48%,71%,29%,206961,5667,16183,37784,147327
CA-14,Democratic,12%,16%,25%,47%,57%,43%,201165,7131,26958,52581,114495
CA-15,Democratic,10%,19%,26%,45%,47%,53%,193426,8109,35052,59762,90503
CA-16,Democratic,33%,25%,30%,13%,22%,78%,123017,14683,34743,46789,26802
CA-17,Democratic,9%,15%,20%,57%,53%,47%,141277,5752,21951,38939,74635
CA-18,Democratic,6%,11%,20%,63%,66%,34%,300734,7223,29750,66330,197431
CA-19,Democratic,19%,19%,27%,36%,50%,50%,150401,7694,22295,45887,74525
CA-20,Democratic,24%,20%,28%,28%,45%,55%,206815,9123,34576,69652,93464
CA-21,Democratic,41%,27%,24%,8%,18%,82%,88057,12181,26491,33703,15682
CA-22,Republican,19%,23%,34%,25%,33%,67%,213738,14918,47158,81893,69769
CA-23,Republican,18%,27%,35%,20%,25%,75%,245373,21747,68482,94837,60307
CA-24,Democratic,15%,19%,32%,34%,45%,55%,288067,10049,47738,101556,128724
CA-25,Republican,15%,23%,35%,28%,33%,67%,216718,11716,49082,83895,72025
CA-26,Democratic,17%,18%,32%,33%,45%,55%,240384,8711,37568,86265,107840
CA-27,Democratic,14%,19%,25%,42%,54%,46%,148194,6088,20343,41055,80708
CA-28,Democratic,12%,17%,26%,45%,50%,50%,321946,22520,53520,84604,161302
CA-29,Democratic,30%,25%,25%,20%,35%,65%,109693,8125,25365,37601,38602
CA-30,Democratic,11%,17%,28%,44%,51%,49%,301400,14684,46744,87262,152710
CA-31,Democratic,20%,25%,32%,24%,33%,67%,145627,10238,32845,54315,48229
CA-32,Democratic,24%,26%,28%,21%,31%,69%,85550,6196,20641,31929,26784
CA-33,Democratic,4%,10%,21%,65%,68%,32%,354764,7862,30922,75530,240450
CA-34,Democratic,33%,20%,20%,26%,59%,41%,66679,3715,7986,15385,39593
CA-35,Democratic,29%,27%,29%,16%,23%,77%,80843,8258,23231,30532,18822
CA-36,Democratic,19%,28%,32%,21%,31%,69%,255321,16379,64712,96116,78114
CA-37,Democratic,20%,17%,25%,39%,67%,33%,140485,4373,12163,30317,93632
CA-38,Democratic,20%,26%,30%,23%,26%,74%,95018,8359,25691,35826,25142
CA-39,Democratic,11%,18%,29%,41%,43%,57%,164536,5899,29368,58685,70584
CA-40,Democratic,45%,24%,21%,10%,23%,77%,25349,3000,7895,8714,5740
CA-41,Democratic,24%,28%,30%,17%,26%,74%,126650,10565,33825,49324,32936
CA-42,Republican,13%,25%,36%,25%,28%,72%,242277,14037,61937,98813,67490
CA-43,Democratic,22%,22%,29%,26%,45%,55%,83267,4755,15011,26276,37225
CA-44,Democratic,36%,26%,26%,13%,29%,71%,38963,3879,9727,14209,11148
CA-45,Democratic,6%,12%,27%,55%,55%,45%,292670,7639,35533,87422,162076
CA-46,Democratic,32%,24%,25%,19%,31%,69%,100133,6792,25049,36885,31407
CA-47,Democratic,18%,19%,31%,32%,42%,58%,181001,8683,32095,63794,76429
CA-48,Democratic,10%,15%,29%,45%,52%,48%,312039,9128,41544,98623,162744
CA-49,Democratic,9%,16%,30%,45%,52%,48%,323609,8501,43448,101997,169663
CA-50,Vacant (R),13%,23%,35%,29%,34%,66%,304915,16318,67691,117124,103782
CA-51,Democratic,30%,25%,30%,15%,26%,74%,73217,6055,19373,28980,18809
CA-52,Democratic,5%,11%,25%,58%,62%,38%,330327,7725,33760,85475,203367
CA-53,Democratic,11%,18%,33%,38%,47%,53%,242645,11140,38625,78724,114156
CO-01,Democratic,12%,17%,23%,48%,61%,39%,378216,11584,48521,86728,231383
CO-02,Democratic,4%,15%,26%,55%,57%,43%,462229,9599,67793,120873,263964
CO-03,Republican,10%,27%,33%,31%,36%,64%,388193,20794,97383,130346,139670
CO-04,Republican,9%,24%,32%,35%,39%,61%,402602,15840,89760,139103,157899
CO-05,Republican,6%,22%,35%,36%,40%,60%,393577,15290,81995,139141,157151
CO-06,Democratic,8%,20%,29%,42%,50%,50%,354944,10019,60886,105499,178540
CO-07,Democratic,12%,25%,30%,33%,40%,60%,371297,17692,87409,118405,147791
CT-01,Democratic,11%,27%,25%,37%,42%,58%,330125,20032,86615,84212,139266
CT-02,Democratic,8%,29%,28%,35%,37%,63%,415349,24105,119846,118665,152733
CT-03,Democratic,9%,31%,24%,36%,39%,61%,347595,21519,103888,84898,137290
CT-04,Democratic,10%,20%,20%,50%,61%,39%,321055,13031,53379,59198,195447
CT-05,Democratic,11%,28%,25%,36%,41%,59%,370629,23913,100631,93531,152554
DE-AL,Democratic,10%,32%,27%,31%,34%,66%,447906,32918,141065,122873,151050
FL-01,Republican,9%,27%,36%,28%,30%,70%,401446,27988,104917,147499,121042
FL-02,Republican,13%,33%,31%,23%,25%,75%,402633,44239,133102,126559,98733
FL-03,Republican,11%,31%,31%,27%,28%,72%,348967,32132,110078,109522,97235
FL-04,Republican,7%,23%,30%,40%,40%,60%,430121,23832,102867,130050,173372
FL-05,Democratic,15%,33%,32%,20%,23%,77%,206814,24081,66838,67825,48070
FL-06,Republican,10%,32%,34%,24%,25%,75%,437091,36224,140943,151340,108584
FL-07,Democratic,7%,22%,32%,39%,44%,56%,317612,12607,65028,100938,139039
FL-08,Republican,9%,29%,33%,29%,30%,70%,438052,29051,127541,148681,132779
FL-09,Democratic,14%,31%,32%,24%,27%,73%,266700,24573,83425,86861,71841
FL-10,Democratic,13%,26%,30%,31%,40%,60%,223143,14449,51937,67813,88944
FL-11,Republican,11%,36%,32%,21%,21%,79%,493135,47323,179885,160145,105782
FL-12,Republican,9%,31%,32%,28%,27%,73%,457802,37893,145782,149910,124217
FL-13,Democratic,10%,29%,32%,30%,32%,68%,420522,30876,120060,136544,133042
FL-14,Democratic,11%,26%,26%,36%,46%,54%,256150,13171,53807,70824,118348
FL-15,Republican,12%,32%,31%,25%,27%,73%,336310,31349,109200,106374,89387
FL-16,Republican,10%,28%,30%,32%,35%,65%,458273,29581,127862,138943,161887
FL-17,Republican,13%,36%,29%,22%,23%,77%,460280,41723,169557,141697,107303
FL-18,Republican,10%,27%,31%,31%,35%,65%,409998,25664,111465,131340,141529
FL-19,Republican,11%,28%,28%,33%,37%,63%,461987,25929,126426,137910,171722
FL-20,Democratic,18%,32%,29%,21%,28%,72%,112365,10114,35600,35489,31162
FL-21,Democratic,12%,25%,28%,35%,42%,58%,352344,17267,84198,104567,146312
FL-22,Democratic,9%,25%,28%,39%,45%,55%,352555,16913,81825,96824,156993
FL-23,Democratic,8%,23%,30%,39%,41%,59%,239126,13831,54641,71447,99207
FL-24,Democratic,21%,32%,27%,20%,38%,62%,63845,5836,14903,18970,24136
FL-25,Republican,22%,30%,24%,24%,36%,64%,109477,7982,30596,31324,39575
FL-26,Democratic,18%,28%,28%,26%,35%,65%,89424,5436,22273,30270,31445
FL-27,Democratic,14%,24%,22%,39%,64%,36%,114499,3432,14386,23729,72952
GA-01,Republican,12%,30%,32%,26%,29%,71%,305999,29924,90830,95210,90035
GA-02,Democratic,18%,34%,31%,18%,23%,77%,194880,24791,63407,61924,44758
GA-03,Republican,13%,31%,30%,26%,29%,71%,333506,35099,101124,101815,95468
GA-04,Democratic,12%,26%,31%,31%,40%,60%,136502,10196,33549,38539,54218
GA-05,Vacant (D),12%,23%,24%,42%,72%,28%,163167,5057,15161,25433,117516
GA-06,Democratic,6%,13%,20%,61%,67%,33%,326506,6605,35390,66265,218246
GA-07,Republican,11%,21%,27%,41%,47%,53%,248371,11213,47976,71287,117895
GA-08,Republican,16%,34%,29%,21%,24%,76%,296123,34237,98485,91473,71928
GA-09,Republican,18%,32%,28%,23%,25%,75%,410206,55102,130142,121098,103864
GA-10,Republican,14%,33%,27%,26%,30%,70%,321982,31489,101927,92429,96137
GA-11,Republican,9%,21%,28%,41%,44%,56%,355617,23977,77319,98883,155438
GA-12,Republican,16%,33%,29%,21%,24%,76%,276152,34642,92505,81377,67628
GA-13,Democratic,11%,29%,31%,29%,27%,73%,147106,17650,48687,40894,39875
GA-14,Republican,19%,34%,29%,18%,18%,82%,380064,62271,135614,112758,69421
HI-01,Democratic,9%,25%,31%,35%,50%,50%,85318,2089,13969,26614,42646
HI-02,Democratic,7%,31%,33%,29%,43%,57%,158808,5532,31627,52752,68897
ID-01,Republican,9%,29%,36%,25%,27%,73%,502821,34534,147517,187341,133429
ID-02,Republican,10%,26%,36%,29%,31%,69%,434728,25436,111504,161477,136311
IL-01,Democratic,11%,27%,34%,28%,37%,63%,178500,9076,48840,54860,65724
IL-02,Democratic,12%,30%,36%,23%,25%,75%,147210,11106,50751,47986,37367
IL-03,Democratic,14%,30%,28%,28%,33%,67%,304982,25192,91477,88186,100127
IL-04,Democratic,27%,27%,21%,24%,50%,50%,124714,8935,25570,27976,62233
IL-05,Democratic,8%,17%,20%,55%,61%,39%,382495,18485,61713,70827,231470
IL-06,Democratic,5%,17%,26%,52%,54%,46%,393935,10666,66401,105580,211288
IL-07,Democratic,14%,22%,22%,42%,75%,25%,165098,3960,13023,24231,123884
IL-08,Democratic,14%,24%,28%,34%,36%,64%,282425,16111,73519,92236,100559
IL-09,Democratic,8%,17%,21%,54%,59%,41%,346621,15633,52920,71939,206129
IL-10,Democratic,11%,21%,23%,45%,52%,48%,297803,11721,56129,73754,156199
IL-11,Democratic,13%,23%,28%,35%,42%,58%,267961,11659,61715,83296,111291
IL-12,Republican,10%,31%,35%,23%,24%,76%,382136,33128,120066,137107,91835
IL-13,Republican,8%,31%,31%,30%,30%,70%,379593,26106,120207,118580,114700
IL-14,Democratic,6%,23%,30%,41%,42%,58%,397430,13985,91859,124578,167008
IL-15,Republican,11%,35%,35%,20%,20%,80%,446094,42668,154992,159127,89307
IL-16,Republican,10%,34%,34%,22%,23%,77%,414695,30605,143295,145894,94901
IL-17,Democratic,12%,34%,34%,19%,21%,79%,380180,33567,135195,133005,78413
IL-18,Republican,6%,30%,31%,33%,32%,68%,444546,24923,137894,139529,142200
IN-01,Democratic,11%,35%,31%,23%,26%,74%,327565,25222,118187,98531,85625
IN-02,Republican,14%,36%,28%,22%,23%,77%,401274,47671,146081,114900,92622
IN-03,Republican,12%,34%,31%,23%,24%,76%,418803,42617,144866,131083,100237
IN-04,Republican,10%,34%,30%,26%,26%,74%,428878,35460,150561,130417,112440
IN-05,Republican,6%,23%,25%,45%,46%,54%,435046,23177,100464,109910,201495
IN-06,Republican,11%,39%,29%,21%,21%,79%,452290,47602,181594,130166,92928
IN-07,Democratic,17%,31%,28%,23%,28%,72%,286636,35239,91061,79409,80927
IN-08,Republican,11%,37%,31%,21%,21%,79%,450949,47284,167862,140721,95082
IN-09,Republican,10%,34%,29%,27%,26%,74%,455231,45188,157139,134680,118224
IA-01,Democratic,8%,33%,33%,27%,27%,73%,471753,28252,158256,157175,128070
IA-02,Democratic,8%,32%,32%,28%,28%,72%,460883,30212,150437,149318,130916
IA-03,Democratic,8%,27%,32%,33%,34%,66%,479151,26018,132266,155736,165131
IA-04,Republican,9%,33%,34%,24%,25%,75%,454441,28043,151836,160830,113732
KS-01,Republican,12%,29%,35%,25%,27%,73%,368124,26464,107860,133309,100491
KS-02,Republican,8%,31%,32%,29%,30%,70%,403477,26658,124062,131848,120909
KS-03,Democratic,8%,18%,27%,47%,52%,48%,386330,13597,65247,104714,202772
KS-04,Republican,10%,27%,34%,29%,32%,68%,372189,24370,100137,129603,118079
KY-01,Republican,16%,38%,29%,17%,17%,83%,438549,66967,169156,128344,74082
KY-02,Republican,13%,36%,31%,20%,20%,80%,450942,57825,163307,138147,91663
KY-03,Democratic,10%,27%,31%,32%,36%,64%,370082,31376,97710,109195,131801
KY-04,Republican,11%,31%,30%,28%,28%,72%,470465,47514,149571,141467,131913
KY-05,Republican,24%,38%,25%,13%,13%,87%,468697,112163,177302,118290,60942
KY-06,Republican,12%,28%,28%,31%,32%,68%,429535,47190,122625,121040,138680
LA-01,Republican,12%,30%,27%,30%,33%,67%,413409,40507,120963,113573,138366
LA-02,Democratic,18%,31%,28%,23%,36%,64%,172892,17474,49036,43587,62795
LA-03,Republican,16%,37%,26%,21%,24%,76%,369619,46799,135602,97119,90099
LA-04,Republican,15%,36%,29%,20%,23%,77%,309568,35206,109244,94481,70637
LA-05,Republican,19%,39%,25%,18%,21%,79%,316229,45874,121274,82910,66171
LA-06,Republican,12%,32%,28%,29%,31%,69%,366261,35625,117471,98568,114597
ME-01,Democratic,6%,28%,28%,38%,38%,62%,467309,26614,129445,133013,178237
ME-02,Democratic,9%,36%,31%,24%,24%,76%,452983,40825,166266,138694,107198
MD-01,Republican,10%,31%,28%,31%,33%,67%,420348,33452,131775,117966,137155
MD-02,Democratic,11%,29%,28%,32%,32%,68%,284753,29628,87888,75146,92091
MD-03,Democratic,8%,20%,23%,48%,53%,47%,329792,19105,65063,71584,174040
MD-04,Democratic,13%,25%,28%,34%,48%,52%,142871,6687,29722,37486,68976
MD-05,Democratic,9%,27%,29%,35%,37%,63%,243451,14762,67780,70964,89945
MD-06,Democratic,10%,24%,24%,42%,42%,58%,326954,22072,84626,82830,137426
MD-07,Democratic,11%,26%,25%,38%,59%,41%,177135,8307,28585,36044,104199
MD-08,Democratic,8%,16%,20%,55%,61%,39%,333298,12846,52293,64308,203851
MA-01,Democratic,12%,30%,28%,30%,33%,67%,394248,31780,116828,114251,131389
MA-02,Democratic,9%,27%,25%,39%,40%,60%,409240,26273,113401,106403,163163
MA-03,Democratic,12%,26%,24%,38%,42%,58%,373124,23837,97769,94665,156853
MA-04,Democratic,7%,20%,22%,51%,50%,50%,443887,27539,91562,101080,223706
MA-05,Democratic,7%,19%,17%,57%,59%,41%,404756,18151,76969,70238,239398
MA-06,Democratic,7%,24%,24%,44%,46%,54%,459564,22224,111848,112489,213003
MA-07,Democratic,15%,22%,19%,44%,64%,36%,236563,13029,37940,33244,152350
MA-08,Democratic,8%,22%,23%,47%,50%,50%,419701,20025,95329,95117,209230
MA-09,Democratic,10%,28%,27%,35%,37%,63%,477304,39977,130690,130906,175731
MI-01,Republican,8%,33%,34%,25%,26%,74%,469791,32967,154710,159022,123092
MI-02,Republican,10%,31%,33%,26%,28%,72%,401130,27798,127076,133853,112403
MI-03,Libertarian,9%,28%,31%,31%,33%,67%,410551,25385,116389,131704,137073
MI-04,Republican,9%,35%,34%,22%,21%,79%,447263,39198,158793,153299,95973
MI-05,Democratic,10%,33%,37%,20%,21%,79%,366563,33123,124025,132711,76704
MI-06,Republican,9%,29%,33%,28%,29%,71%,404236,30265,121859,135393,116719
MI-07,Republican,8%,33%,35%,24%,24%,76%,441024,32869,144536,155600,108019
MI-08,Democratic,5%,22%,32%,41%,40%,60%,410376,18392,92779,134307,164898
MI-09,Democratic,10%,28%,32%,30%,31%,69%,414973,39899,116492,130999,127583
MI-10,Republican,9%,32%,36%,23%,23%,77%,462586,38699,148814,168130,106943
MI-11,Democratic,5%,19%,29%,47%,45%,55%,416145,19900,83907,125262,187076
MI-12,Democratic,10%,25%,30%,35%,34%,66%,361947,33727,96693,108713,122814
MI-13,Democratic,18%,33%,33%,15%,19%,81%,164690,23669,58481,51941,30599
MI-14,Democratic,13%,25%,31%,31%,47%,53%,160520,13059,29487,41787,76187
MN-01,Republican,8%,30%,34%,28%,29%,71%,400706,22232,121615,139241,117618
MN-02,Democratic,5%,23%,33%,39%,40%,60%,395537,11908,90042,133781,159806
MN-03,Democratic,4%,17%,29%,49%,51%,49%,408379,9027,69306,119832,210214
MN-04,Democratic,8%,20%,28%,43%,49%,51%,349711,11070,68540,98426,171675
MN-05,Democratic,9%,18%,27%,46%,54%,46%,340347,10412,55195,89413,185327
MN-06,Republican,5%,27%,37%,30%,30%,70%,420143,18283,116393,157446,128021
MN-07,Democratic,9%,33%,37%,22%,23%,77%,412748,27966,136740,153383,94659
MN-08,Republican,7%,32%,38%,23%,24%,76%,437772,27980,141274,164563,103955
MS-01,Republican,17%,31%,32%,21%,23%,77%,351690,49351,106447,115011,80881
MS-02,Democratic,19%,31%,31%,19%,25%,75%,160640,20060,48402,51371,40807
MS-03,Republican,14%,29%,31%,26%,31%,69%,310452,31947,84977,97410,96118
MS-04,Republican,14%,30%,34%,22%,23%,77%,369409,44652,110910,127102,86745
MO-01,Democratic,11%,26%,31%,32%,44%,56%,229230,16392,50725,61740,100373
MO-02,Republican,5%,19%,27%,49%,48%,52%,482277,20540,94086,134075,233576
MO-03,Republican,10%,32%,32%,26%,26%,74%,493147,45387,163094,157535,127131
MO-04,Republican,11%,34%,30%,25%,25%,75%,445015,46002,154326,133454,111233
MO-05,Democratic,11%,31%,31%,28%,32%,68%,359420,26394,108970,107973,116083
MO-06,Republican,9%,34%,30%,28%,28%,72%,464680,37518,160156,135931,131075
MO-07,Republican,11%,32%,32%,24%,25%,75%,468836,47560,153646,152728,114902
MO-08,Republican,17%,38%,29%,16%,16%,84%,468911,76151,180911,135610,76239
MT-AL,Republican,7%,29%,33%,31%,32%,68%,639615,38433,185256,208335,207591
NE-01,Republican,8%,26%,34%,31%,33%,67%,352097,17217,93849,125271,115760
NE-02,Republican,9%,21%,30%,40%,44%,56%,335255,13393,67977,105342,148543
NE-03,Republican,10%,32%,36%,22%,24%,76%,356770,23672,115009,133635,84454
NV-01,Democratic,23%,33%,29%,15%,22%,78%,176070,17705,58058,62420,37887
NV-02,Republican,12%,26%,36%,27%,30%,70%,356527,20563,90776,136938,108250
NV-03,Democratic,7%,25%,35%,32%,34%,66%,338169,16005,85338,121238,115588
NV-04,Democratic,15%,30%,35%,21%,26%,74%,253881,18247,72914,97480,65240
NH-01,Democratic,7%,27%,29%,37%,37%,63%,441530,27885,119174,130122,164349
NH-02,Democratic,7%,28%,28%,36%,36%,64%,437662,29002,126332,126876,155452
NJ-01,Democratic,10%,31%,27%,31%,34%,66%,335227,22802,108759,89637,114029
NJ-02,Republican,13%,34%,27%,26%,30%,70%,356889,29047,121207,97809,108826
NJ-03,Democratic,7%,31%,28%,34%,34%,66%,411689,23934,131516,114236,142003
NJ-04,Republican,8%,26%,26%,40%,43%,57%,397134,19114,106605,102029,169386
NJ-05,Democratic,6%,24%,22%,47%,47%,53%,368650,17441,92746,83694,174769
NJ-06,Democratic,11%,27%,22%,39%,39%,61%,257350,16265,79977,61604,99504
NJ-07,Democratic,6%,21%,21%,53%,55%,45%,378960,15497,78352,78514,206597
NJ-08,Democratic,20%,28%,19%,33%,50%,50%,151812,17577,35977,21641,76617
NJ-09,Democratic,15%,31%,21%,34%,39%,61%,216882,19673,66507,45626,85076
NJ-10,Democratic,14%,31%,25%,29%,46%,54%,107890,9268,28491,20201,49930
NJ-11,Democratic,5%,21%,19%,54%,54%,46%,394543,15089,87101,77766,214587
NJ-12,Democratic,10%,24%,21%,45%,49%,51%,264230,12865,64513,58010,128842
NM-01,Democratic,12%,24%,31%,33%,47%,53%,220393,7954,39753,68620,104066
NM-02,Democratic,19%,29%,31%,21%,31%,69%,193089,13630,50758,69453,59248
NM-03,Democratic,13%,27%,32%,27%,43%,57%,199639,9252,39973,65302,85112
NY-01,Republican,8%,28%,28%,36%,38%,62%,394947,20687,111747,113732,148781
NY-02,Republican,11%,31%,27%,31%,35%,65%,323751,17862,101027,91018,113844
NY-03,Democratic,7%,20%,21%,53%,55%,45%,365418,15606,71588,77040,201184
NY-04,Democratic,10%,24%,24%,42%,49%,51%,297977,13430,68752,68470,147325
NY-05,Democratic,18%,29%,27%,26%,37%,63%,61476,6363,17445,14697,22971
NY-06,Democratic,16%,26%,22%,36%,43%,57%,195879,16733,50158,45191,83797
NY-07,Democratic,27%,23%,16%,34%,62%,38%,157625,12568,26755,21108,97194
NY-08,Democratic,16%,29%,23%,33%,54%,46%,145393,11103,30778,25707,77805
NY-09,Democratic,14%,26%,22%,38%,63%,37%,167994,9799,25765,27322,105108
NY-10,Democratic,12%,14%,13%,61%,71%,29%,332868,17881,40433,39545,235009
NY-11,Democratic,14%,29%,23%,35%,38%,62%,321943,28294,96878,73521,123250
NY-12,Democratic,6%,10%,12%,73%,80%,20%,387308,9399,27177,41227,309505
NY-13,Democratic,26%,23%,21%,31%,72%,28%,85151,4150,9084,10519,61398
NY-14,Democratic,23%,30%,21%,26%,40%,60%,129974,15790,36324,25487,52373
NY-15,Democratic,35%,28%,24%,13%,28%,72%,10543,2208,2935,2447,2953
NY-16,Democratic,15%,23%,22%,40%,57%,43%,199726,14563,37636,34366,113161
NY-17,Democratic,12%,20%,22%,46%,53%,47%,303406,18392,58607,64141,162266
NY-18,Democratic,9%,27%,28%,36%,39%,61%,346904,22258,92951,95975,135720
NY-19,Democratic,10%,32%,29%,29%,30%,70%,437953,38163,139959,128911,130920
NY-20,Democratic,8%,25%,29%,38%,40%,60%,400993,22628,101306,116771,160288
NY-21,Republican,10%,35%,30%,24%,24%,76%,449656,43776,160029,136269,109582
NY-22,Democratic,10%,34%,31%,25%,25%,75%,433165,39372,148305,137471,108017
NY-23,Republican,10%,34%,29%,26%,26%,74%,432469,40156,150530,130031,111752
NY-24,Republican,10%,28%,31%,31%,32%,68%,416906,32672,120331,129982,133921
NY-25,Democratic,10%,24%,29%,38%,43%,57%,370951,21213,83985,105968,159785
NY-26,Democratic,10%,28%,30%,32%,35%,65%,366422,25983,105269,108087,127083
NY-27,Republican,7%,31%,32%,30%,31%,69%,476705,28971,149940,152211,145583
NC-01,Democratic,17%,28%,28%,28%,37%,63%,234763,22159,57576,66996,88032
NC-02,Republican,10%,24%,31%,35%,40%,60%,383422,23750,86281,121212,152179
NC-03,Republican,12%,28%,36%,24%,27%,73%,353358,29258,95927,132778,95395
NC-04,Democratic,8%,15%,24%,54%,63%,37%,332894,9222,39318,75755,208599
NC-05,Republican,15%,29%,30%,26%,28%,72%,397775,48935,114559,122914,111367
NC-06,Republican,15%,29%,32%,24%,28%,72%,371143,40437,107480,121022,102204
NC-07,Republican,14%,28%,33%,25%,30%,70%,395590,35368,107172,134255,118795
NC-08,Republican,11%,27%,36%,26%,28%,72%,334813,30093,90108,120052,94560
NC-09,Republican,12%,25%,29%,34%,41%,59%,331881,23369,75388,97570,135554
NC-10,Republican,14%,30%,32%,24%,26%,74%,431723,52487,124463,141819,112954
NC-11,Vacant (R),14%,29%,32%,25%,26%,74%,491057,59415,141949,160161,129532
NC-12,Democratic,12%,19%,29%,40%,53%,47%,249395,10292,36971,68804,133328
NC-13,Republican,13%,27%,32%,28%,32%,68%,363672,33353,99141,116454,114724
ND-AL,Republican,8%,27%,36%,29%,30%,70%,433513,27717,116559,157246,131991
OH-01,Republican,9%,29%,27%,35%,38%,62%,353328,25028,99049,94881,134370
OH-02,Republican,10%,31%,27%,32%,32%,68%,440772,44146,139759,115713,141154
OH-03,Democratic,12%,30%,30%,28%,33%,67%,285002,26808,82564,80196,95434
OH-04,Republican,10%,41%,31%,18%,18%,82%,438167,38887,185014,135752,78514
OH-05,Republican,7%,36%,31%,27%,27%,73%,444772,29487,160793,136176,118316
OH-06,Republican,12%,44%,28%,16%,16%,84%,474424,54942,208470,134105,76907
OH-07,Republican,12%,40%,28%,20%,20%,80%,458835,53079,185300,126623,93833
OH-08,Republican,10%,36%,29%,24%,24%,76%,426533,41119,157752,124349,103313
OH-09,Democratic,13%,33%,32%,22%,25%,75%,357608,35667,119363,111551,91027
OH-10,Republican,9%,28%,33%,30%,31%,69%,383973,31164,109614,124801,118394
OH-11,Democratic,13%,29%,30%,27%,42%,58%,194041,16741,49493,46544,81263
OH-12,Republican,7%,26%,26%,41%,40%,60%,459555,28945,124387,120796,185427
OH-13,Democratic,10%,39%,29%,23%,24%,76%,414589,36379,162706,116626,98878
OH-14,Republican,8%,30%,28%,35%,35%,65%,461830,33510,140174,127316,160830
OH-15,Republican,9%,32%,27%,32%,31%,69%,468751,40687,155997,126846,145221
OH-16,Republican,7%,30%,29%,34%,33%,67%,473702,29741,147442,138405,158114
OK-01,Republican,11%,27%,32%,30%,34%,66%,372530,25592,96623,124644,125671
OK-02,Republican,15%,37%,31%,17%,18%,82%,356092,49384,134440,108713,63555
OK-03,Republican,12%,34%,31%,23%,24%,76%,397848,36868,138560,126512,95908
OK-04,Republican,10%,32%,33%,25%,26%,74%,386017,34284,126415,125355,99963
OK-05,Democratic,13%,26%,30%,31%,37%,63%,339006,25381,84944,104927,123754
OR-01,Democratic,8%,19%,31%,41%,43%,57%,436601,20218,84190,146093,186100
OR-02,Republican,11%,27%,37%,25%,27%,73%,481088,37026,133110,183323,127629
OR-03,Democratic,9%,19%,31%,41%,45%,55%,453781,23117,82962,144467,203235
OR-04,Democratic,9%,26%,38%,27%,27%,73%,484698,37726,127864,189146,129962
OR-05,Democratic,10%,24%,35%,31%,33%,67%,450581,27532,108316,164910,149823
PA-01,Republican,6%,29%,24%,41%,41%,59%,430698,21386,127147,105810,176355
PA-02,Democratic,20%,37%,23%,20%,26%,74%,221033,26099,88803,48298,57833
PA-03,Democratic,12%,28%,22%,38%,69%,31%,165455,6526,22456,22922,113551
PA-04,Democratic,6%,25%,22%,47%,48%,52%,407827,17947,103441,89772,196667
PA-05,Democratic,9%,31%,23%,37%,42%,58%,327683,19153,97607,73475,137448
PA-06,Democratic,10%,25%,21%,44%,48%,52%,380668,19923,94193,82478,184074
PA-07,Democratic,11%,34%,27%,29%,32%,68%,380292,29397,130773,99642,120480
PA-08,Democratic,10%,38%,28%,25%,26%,74%,420087,33143,161942,116282,108720
PA-09,Republican,11%,43%,25%,21%,21%,79%,457541,46866,201710,112073,96892
PA-10,Republican,9%,35%,25%,31%,33%,67%,404646,28868,142012,99258,134508
PA-11,Republican,14%,37%,23%,26%,27%,73%,437435,55980,166281,99085,116089
PA-12,Republican,11%,43%,23%,23%,22%,78%,446857,48206,194605,104873,99173
PA-13,Republican,11%,45%,24%,20%,20%,80%,467113,49301,213052,112283,92477
PA-14,Republican,8%,40%,26%,26%,27%,73%,474892,34448,191455,122572,126417
PA-15,Republican,10%,46%,24%,20%,20%,80%,468191,42999,218854,112772,93566
PA-16,Republican,9%,40%,25%,27%,27%,73%,444508,35043,178648,108823,121994
PA-17,Democratic,5%,28%,26%,40%,40%,60%,469670,22226,136584,122280,188580
PA-18,Democratic,7%,29%,27%,37%,40%,60%,383084,19875,111791,98898,152520
RI-01,Democratic,14%,28%,25%,33%,37%,63%,269863,28874,72223,67821,100945
RI-02,Democratic,10%,29%,28%,33%,36%,64%,301291,23062,83745,86519,107965
SC-01,Democratic,7%,23%,30%,39%,45%,55%,401476,18715,80242,120764,181755
SC-02,Republican,10%,27%,30%,33%,37%,63%,335724,24937,87387,100849,122551
SC-03,Republican,17%,32%,30%,22%,24%,76%,358446,50106,110262,111316,86762
SC-04,Republican,13%,26%,30%,31%,36%,64%,349573,31990,85667,106251,125665
SC-05,Republican,14%,32%,31%,24%,27%,73%,330048,37179,99603,103245,90021
SC-06,Democratic,17%,34%,29%,20%,28%,72%,165004,17931,51291,50267,45515
SC-07,Republican,14%,34%,31%,21%,25%,75%,346904,35664,112806,112490,85944
SD-AL,Republican,8%,31%,33%,28%,30%,70%,492571,30398,150331,162515,149327
TN-01,Republican,16%,37%,27%,20%,20%,80%,476604,71181,179417,131136,94870
TN-02,Republican,11%,30%,28%,30%,31%,69%,449537,45706,136089,128628,139114
TN-03,Republican,14%,34%,29%,23%,24%,76%,435242,56431,147444,126377,104990
TN-04,Republican,14%,35%,29%,23%,23%,77%,426935,52662,151759,122645,99869
TN-05,Democratic,12%,24%,26%,38%,43%,57%,343495,27290,79748,87127,149330
TN-06,Republican,13%,37%,28%,22%,22%,78%,474259,59765,177053,133274,104167
TN-07,Republican,12%,32%,27%,29%,30%,70%,420612,46798,134841,111862,127111
TN-08,Republican,12%,32%,27%,29%,31%,69%,367946,37031,114822,103005,113088
TN-09,Democratic,15%,31%,30%,24%,40%,60%,126689,8120,30786,37109,50674
TX-01,Republican,16%,29%,33%,21%,25%,75%,319229,32950,92503,113778,79998
TX-02,Republican,11%,20%,28%,41%,51%,49%,274254,9257,45603,80326,139068
TX-03,Republican,6%,14%,27%,54%,55%,45%,336958,7419,44725,99593,185221
TX-04,Vacant (R),13%,33%,32%,22%,24%,76%,378637,35674,123104,129180,90679
TX-05,Republican,19%,30%,30%,20%,25%,75%,289486,31097,89706,96145,72538
TX-06,Republican,12%,25%,34%,30%,34%,66%,271211,16940,65452,96344,92475
TX-07,Democratic,11%,16%,24%,49%,62%,38%,247194,6463,27645,60336,152750
TX-08,Republican,13%,26%,30%,31%,34%,66%,376082,26692,99281,121816,128293
TX-09,Democratic,22%,26%,27%,25%,44%,56%,65173,3977,13216,19389,28591
TX-10,Republican,11%,22%,27%,40%,47%,53%,327451,14593,65822,94162,152874
TX-11,Republican,18%,31%,31%,21%,27%,73%,305954,27202,91493,104035,83224
TX-12,Republican,12%,26%,31%,31%,35%,65%,352677,23481,88256,115958,124982
TX-13,Republican,16%,30%,33%,20%,25%,75%,321053,28228,96992,116015,79818
TX-14,Republican,14%,29%,33%,24%,30%,70%,276451,18867,75969,98321,83294
TX-15,Democratic,30%,25%,25%,20%,32%,68%,85238,5770,24102,28165,27201
TX-16,Democratic,20%,23%,32%,25%,41%,59%,69606,3085,13343,24440,28738
TX-17,Republican,14%,25%,30%,31%,36%,64%,278688,18529,66480,92425,101254
TX-18,Democratic,23%,27%,27%,23%,50%,50%,97255,4962,17310,26083,48900
TX-19,Republican,18%,30%,30%,22%,30%,70%,262565,23207,73669,86874,78815
TX-20,Democratic,19%,26%,31%,24%,41%,59%,120490,5631,24719,40685,49455
TX-21,Republican,7%,19%,29%,46%,51%,49%,363642,12058,62269,104791,184524
TX-22,Republican,9%,18%,28%,46%,48%,52%,244582,8371,43412,74991,117808
TX-23,Republican,24%,26%,28%,22%,40%,60%,134401,7521,29434,43429,54017
TX-24,Republican,9%,17%,27%,46%,51%,49%,282410,8007,44395,85570,144438
TX-25,Republican,10%,23%,30%,38%,41%,59%,370898,22130,83641,112170,152957
TX-26,Republican,7%,18%,30%,44%,46%,54%,372851,12744,67950,120403,171754
TX-27,Republican,18%,31%,32%,20%,28%,72%,218029,16193,62500,77343,61993
TX-28,Democratic,28%,28%,26%,19%,27%,73%,89698,6931,27344,31013,24410
TX-29,Democratic,39%,29%,22%,10%,20%,80%,54620,7606,18285,17572,11157
TX-30,Democratic,23%,28%,29%,20%,41%,59%,93203,7047,20922,26638,38596
TX-31,Republican,8%,23%,34%,35%,39%,61%,324646,12734,70377,113365,128170
TX-32,Democratic,13%,17%,26%,44%,57%,43%,286236,9511,40775,74041,161909
TX-33,Democratic,41%,29%,20%,10%,23%,77%,75965,9905,24928,23739,17393
TX-34,Democratic,31%,28%,25%,16%,28%,72%,75151,6280,23757,24400,20714
TX-35,Democratic,22%,29%,29%,21%,36%,64%,153530,8957,35284,54080,55209
TX-36,Republican,16%,33%,33%,19%,21%,79%,322997,32146,111002,112261,67588
UT-01,Republican,8%,26%,37%,30%,32%,68%,365946,16814,89989,140222,118921
UT-02,Republican,10%,24%,34%,32%,35%,65%,373806,19471,84047,137843,132445
UT-03,Republican,6%,17%,36%,41%,44%,56%,348088,11393,55751,129071,151873
UT-04,Democratic,9%,24%,36%,30%,33%,67%,367982,17858,85963,142918,121243
VT-AL,Democratic,7%,29%,26%,37%,37%,63%,415477,28981,123322,108315,154859
VA-01,Republican,9%,25%,29%,37%,39%,61%,371904,22071,93781,109942,146110
VA-02,Democratic,8%,23%,35%,35%,38%,62%,329165,17527,74410,111132,126096
VA-03,Democratic,11%,28%,35%,26%,33%,67%,222476,15802,59795,74377,72502
VA-04,Democratic,13%,28%,30%,29%,37%,63%,274581,21115,69604,81224,102638
VA-05,Republican,14%,30%,28%,28%,32%,68%,388476,43576,110392,111362,123146
VA-06,Republican,13%,32%,28%,27%,29%,71%,420156,45967,134930,116535,122724
VA-07,Democratic,9%,24%,27%,39%,42%,58%,373011,24359,88325,102208,158119
VA-08,Democratic,9%,12%,17%,62%,77%,23%,312851,5388,23349,42892,241222
VA-09,Republican,17%,33%,30%,21%,20%,80%,456156,74529,152323,136155,93149
VA-10,Democratic,8%,16%,21%,55%,58%,42%,349207,13396,55656,77187,202968
VA-11,Democratic,9%,15%,21%,56%,67%,33%,262362,6535,28507,52380,174940
WA-01,Democratic,6%,19%,31%,43%,41%,59%,399056,15873,83187,135131,164865
WA-02,Democratic,8%,23%,37%,32%,33%,67%,380056,19800,90652,144789,124815
WA-03,Republican,9%,26%,39%,26%,26%,74%,418283,29227,110798,169289,108969
WA-04,Republican,21%,27%,32%,21%,27%,73%,282957,21417,78148,107947,75445
WA-05,Republican,7%,24%,39%,30%,30%,70%,413896,24332,100827,163538,125199
WA-06,Democratic,8%,25%,38%,30%,32%,68%,407135,23846,99326,154529,129434
WA-07,Democratic,5%,11%,24%,60%,64%,36%,420369,10066,42396,98826,269081
WA-08,Democratic,9%,24%,33%,34%,35%,65%,373902,20494,93215,130538,129655
WA-09,Democratic,10%,19%,28%,43%,49%,51%,260255,9938,44948,78590,126779
WA-10,Democratic,8%,26%,38%,28%,30%,70%,353007,19962,89562,135857,107626
WV-01,Republican,11%,40%,27%,23%,23%,77%,405731,42589,162373,108154,92615
WV-02,Republican,13%,40%,26%,21%,21%,79%,407675,53027,166620,101750,86278
WV-03,Republican,17%,42%,25%,16%,16%,84%,395410,67975,167329,97275,62831
WI-01,Republican,8%,31%,33%,28%,30%,70%,420783,23837,130840,139501,126605
WI-02,Democratic,6%,24%,29%,42%,43%,57%,433273,18694,102704,127003,184872
WI-03,Democratic,8%,33%,33%,25%,26%,74%,446606,30496,150633,149986,115491
WI-04,Democratic,15%,29%,29%,28%,41%,59%,228333,13470,57885,63231,93747
WI-05,Republican,6%,27%,30%,37%,37%,63%,458452,20934,125412,140974,171132
WI-06,Republican,8%,35%,32%,26%,26%,74%,458107,29782,159509,147943,120873
WI-07,Republican,8%,35%,34%,23%,23%,77%,472602,34858,168094,158868,110782
WI-08,Republican,7%,35%,32%,26%,27%,73%,454381,26597,159025,147455,121304
WY-AL,Republican,7%,29%,37%,27%,28%,72%,339903,17975,97108,128102,96718
